"GEOID","INVERSE_DIST_10mile","INVERSE_DIST_20mile","COUNT_5mile"
"51001980100",0,0,0
"51001980200",0,0,0
"51007930100",0,0,0
"51013100100",2.9799474449347e-05,3.41262108165077e-05,420
"51013100200",2.17120182117718e-05,2.50914682079755e-05,374
"51013100300",1.65994880998254e-05,1.99719275113296e-05,322
"51013100400",3.06792265888648e-05,3.67490513674961e-05,336
"51013100500",3.30715971925813e-05,3.78575720762161e-05,374
"51013100600",5.0656150493453e-05,5.74566520717419e-05,393
"51013100700",3.07560604689275e-05,3.47018365799153e-05,410
"51013100800",0.000106736470174511,0.000119833110054211,399
"51013100900",3.76114031678985e-05,4.2525698366646e-05,421
"51013101000",5.00649937295572e-05,5.67635497644656e-05,434
"51013101100",2.91365866853648e-05,3.30029366964216e-05,442
"51013101200",4.62203221514697e-05,5.17246271665137e-05,494
"51013101300",2.79821020182412e-05,3.1336497187934e-05,458
"51013101401",0.000143586386676651,0.000160168443539624,430
"51013101402",6.97161893310082e-05,7.73712322226618e-05,406
"51013101403",4.75658281967095e-05,5.12849075053298e-05,410
"51013101404",4.83694607474541e-05,5.32123393644769e-05,401
"51013101500",2.21547352164373e-05,2.50117009597331e-05,354
"51013101601",9.85240449233001e-05,0.000113564163920519,308
"51013101602",9.79521749338866e-05,0.00011026837784851,332
"51013101603",4.48953489012129e-05,5.03671276134916e-05,313
"51013101701",4.78025161045267e-05,5.24433120314917e-05,336
"51013101702",3.35459357492493e-05,3.73678975068721e-05,315
"51013101703",6.76783865451944e-05,7.56957598528483e-05,325
"51013101801",7.12234924894649e-05,7.90023647077559e-05,363
"51013101802",2.9592686535833e-05,3.28566539513975e-05,348
"51013101803",4.18694688832329e-05,4.72860888071094e-05,386
"51013101900",6.24475605807036e-05,6.97769538244438e-05,403
"51013102001",8.30289004080364e-05,9.23633538272268e-05,442
"51013102002",0.000144247784765184,0.000159471671177785,417
"51013102003",4.18350807971652e-05,4.65777715069761e-05,450
"51013102100",7.36808857749177e-05,8.20867776579181e-05,477
"51013102200",2.32815800565716e-05,2.58680737633815e-05,494
"51013102301",0.000115399058380738,0.000129434520775985,461
"51013102302",4.63899951232233e-05,5.15448478473441e-05,466
"51013102400",4.63927217616612e-05,5.22235776471588e-05,431
"51013102500",4.32650965365955e-05,4.82070051375156e-05,440
"51013102600",5.56606457095485e-05,6.17491489015917e-05,459
"51013102701",5.32261735363864e-05,5.90016120822581e-05,467
"51013102702",9.82037505101271e-05,0.000108882285110863,460
"51013102801",2.80935684251545e-05,3.11673947974064e-05,502
"51013102802",0.000138688216674038,0.000154029236357516,478
"51013102901",6.08442287789864e-05,6.7888014282905e-05,460
"51013102902",3.77766747233773e-05,4.23192462566995e-05,438
"51013103000",5.26365600933918e-05,5.92396793863762e-05,420
"51013103100",3.02463303608732e-05,3.43026784693743e-05,438
"51013103200",3.57389980971988e-05,3.95471456289083e-05,443
"51013103300",6.68564491491094e-05,7.61678796375814e-05,424
"51013103401",0.000228171199383255,0.000259853223059343,374
"51013103402",3.28726867474256e-05,3.6527764940672e-05,361
"51013103501",4.3915281702235e-05,4.96373435990755e-05,399
"51013103502",4.95011909598631e-05,5.51948388892555e-05,386
"51013103503",3.63677937689602e-05,4.08307199580309e-05,369
"51013103601",5.55334970970333e-05,6.34522905332435e-05,385
"51013103602",0.000117118750367251,0.000132578245069155,366
"51013103700",5.70517259478172e-05,6.5272404890023e-05,408
"51013103800",3.53387776997042e-05,4.0002138950335e-05,425
"51013980100",0.0620218599895853,0.0712402419703266,357
"51013980200",0.0310954046775808,0.0359379573013264,353
"51017920100",0,0,0
"51025930100",0,0,0
"51025930203",0,0,0
"51037930100",0,0,0
"51041100300",0,0,0
"51041100600",0,0,0
"51049930100",0,0,0
"51053980100",0,0,0
"51059415100",2.18822358111427e-05,2.82250246583995e-05,171
"51059415200",2.13863268277268e-05,2.83958799487447e-05,153
"51059415300",1.68828122418259e-05,2.2874102778512e-05,135
"51059415401",1.09526553041406e-05,1.57695189285715e-05,114
"51059415402",1.84450351551918e-05,2.80775957491905e-05,85
"51059415500",7.0366201039869e-06,1.20770088467415e-05,43
"51059415600",1.6288975476168e-05,2.65975457906398e-05,64
"51059415700",7.47415615305638e-06,1.59685065489995e-05,1
"51059415800",6.74907438338144e-06,1.33604571117511e-05,1
"51059415900",1.20408811981562e-05,2.1526276666594e-05,0
"51059416000",7.39477643196688e-06,1.2876205284512e-05,10
"51059416100",8.60861592691247e-06,1.77619966221604e-05,11
"51059416200",5.98288220372276e-06,1.25653923631969e-05,28
"51059416300",1.38527121333129e-05,3.17675626016864e-05,66
"51059420100",2.69211239137473e-05,3.14996449729203e-05,216
"51059420201",2.66766190468696e-05,3.27643923361964e-05,270
"51059420202",5.36288485831973e-05,6.48845330156043e-05,284
"51059420203",3.79591500071076e-05,4.6959072894243e-05,309
"51059420300",1.77566229917116e-05,2.17804613692102e-05,308
"51059420400",3.29987309125142e-05,4.02224174561414e-05,256
"51059420501",5.62418196661807e-05,7.02287363725947e-05,210
"51059420502",5.37288973740861e-05,6.65520383302772e-05,218
"51059420503",3.60085339711803e-05,4.47826782177993e-05,218
"51059420600",1.99269382287043e-05,2.50027056061563e-05,206
"51059420700",2.18125617859121e-05,2.75839131365809e-05,270
"51059420800",2.19665728294484e-05,2.82609360575598e-05,229
"51059421001",3.44773688264524e-05,4.29148650043769e-05,186
"51059421002",1.9868822580479e-05,2.44660370262934e-05,172
"51059421101",1.36531194746252e-05,1.81835293457664e-05,138
"51059421102",2.29383253844294e-05,3.06710249267622e-05,131
"51059421103",1.24029361837965e-05,1.80319704926721e-05,100
"51059421200",3.27616502467534e-05,4.67264313419996e-05,114
"51059421300",1.87224940279016e-05,2.51083246208765e-05,180
"51059421400",9.37784800661299e-06,1.26150493891176e-05,149
"51059421500",7.23671847761204e-06,1.11810688399556e-05,90
"51059421600",7.61946233913023e-06,1.20273019025699e-05,54
"51059421701",9.91713450228709e-06,1.6458253525872e-05,29
"51059421702",1.25960809817617e-05,1.95157251618925e-05,66
"51059421800",7.16266902286848e-06,1.27064106323725e-05,43
"51059421900",1.97642240405004e-05,3.46999286682823e-05,69
"51059422000",1.51988488006878e-05,2.6235928283437e-05,117
"51059422101",8.30690095342495e-06,1.43045733139625e-05,113
"51059422102",9.34709193877847e-06,1.56952446996164e-05,87
"51059422201",1.52860109096242e-05,2.75163517823801e-05,123
"51059422202",1.15789384060026e-05,1.86747491057507e-05,97
"51059422301",2.82576757928972e-05,3.59503739939567e-05,250
"51059422302",1.52979199264768e-05,1.9398904082539e-05,184
"51059422401",3.13986634927827e-05,4.10052832823201e-05,137
"51059422402",1.57951407659227e-05,2.07323884344076e-05,132
"51059422403",2.85164929469148e-05,3.72466048951377e-05,176
"51059430101",1.40604193243428e-05,2.29759385872288e-05,117
"51059430102",2.31610601740921e-05,3.63973804300256e-05,125
"51059430201",1.69880482270732e-05,2.6063907934051e-05,133
"51059430202",1.54997840712327e-05,2.25185376096064e-05,162
"51059430203",2.70278592862852e-05,4.1328864445414e-05,142
"51059430400",1.43790372497162e-05,1.8291457459474e-05,202
"51059430500",6.3702503947584e-05,7.56790624202342e-05,207
"51059430600",1.76079310839851e-05,2.03524706484806e-05,196
"51059430700",4.07327504407784e-05,4.82938494174182e-05,182
"51059430801",2.31826143255787e-05,2.85624875798949e-05,164
"51059430802",2.34966624988682e-05,2.9751728740798e-05,174
"51059430901",2.248128533117e-05,2.98901098155887e-05,174
"51059430902",2.46464251370764e-05,3.43659513383754e-05,170
"51059431001",1.64209245161276e-05,2.34387913207938e-05,146
"51059431002",3.62584760182992e-05,5.14781095480655e-05,164
"51059431300",1.81006864542636e-05,2.58899226710538e-05,149
"51059431400",1.98521740029865e-05,2.69292231279448e-05,165
"51059431500",1.70977549758303e-05,2.16593313877316e-05,166
"51059431600",1.23804930640685e-05,1.51001755033502e-05,182
"51059431801",1.95095819655084e-05,2.84660394255524e-05,163
"51059431802",2.59127018170891e-05,3.64304482899693e-05,188
"51059431900",2.71421674642854e-05,3.74231847125264e-05,201
"51059432000",1.91577729915539e-05,3.12681865533762e-05,107
"51059432100",1.85168508838938e-05,2.99787490204977e-05,110
"51059432201",3.01555383483009e-05,4.51651796528301e-05,120
"51059432202",1.6454282760518e-05,2.4494349146255e-05,117
"51059432300",1.38552610046404e-05,2.13614430786059e-05,84
"51059432401",1.8132514696977e-05,2.86009875982583e-05,74
"51059432402",1.36450755670739e-05,2.08149943158028e-05,119
"51059432500",1.22425020063819e-05,1.87600156280618e-05,140
"51059432600",1.4255093810069e-05,2.13284695384135e-05,136
"51059432701",2.31138995710129e-05,3.29413426957625e-05,130
"51059432702",1.52827767124706e-05,2.35158883127275e-05,125
"51059432800",2.9757965919568e-05,4.55691595682948e-05,121
"51059440100",1.47191719569086e-05,1.85676402195029e-05,262
"51059440201",6.12743467812661e-05,7.18368758618803e-05,336
"51059440202",1.96123911309812e-05,2.37477065618712e-05,315
"51059440300",4.23744311129256e-05,5.12965233671899e-05,314
"51059440501",1.81580986176237e-05,2.47542250077558e-05,200
"51059440502",1.02791028115999e-05,1.5026571957741e-05,138
"51059440600",2.72122381800976e-05,4.15636457365136e-05,116
"51059440701",3.37063161455959e-05,4.38221963238015e-05,212
"51059440702",1.89151486946984e-05,2.44833283792596e-05,228
"51059440800",1.67278624681738e-05,2.16519743319437e-05,256
"51059450100",2.56594530383757e-05,2.94773440424003e-05,350
"51059450200",3.37798001411389e-05,3.82598366300131e-05,408
"51059450300",3.45995422025286e-05,3.87205279628783e-05,430
"51059450400",5.6398949522638e-05,6.37261616101956e-05,465
"51059450500",4.82942277049885e-05,5.48839419211362e-05,411
"51059450601",3.22586931736696e-05,3.76027954823708e-05,351
"51059450602",3.60182931823578e-05,4.0574799127991e-05,393
"51059450701",4.43815670387979e-05,5.21897259980697e-05,332
"51059450702",3.26732073171456e-05,3.74115534491424e-05,341
"51059450800",4.07690833285019e-05,4.69096325832499e-05,374
"51059450900",7.96131279534426e-05,9.16514379594532e-05,408
"51059451000",4.9307295543665e-05,5.65908372131436e-05,405
"51059451100",6.06760278604138e-05,6.88338776993069e-05,467
"51059451200",8.3352620268412e-05,9.45719804731063e-05,446
"51059451300",6.56492855133606e-05,7.33697693510411e-05,459
"51059451400",6.16975253718572e-05,6.76284676693922e-05,491
"51059451501",2.80326752246401e-05,3.11388473809292e-05,481
"51059451502",4.73060606583049e-05,5.16106168859422e-05,502
"51059451601",2.94773667728658e-05,3.25819989814482e-05,506
"51059451602",5.6988734246302e-05,6.35723829391323e-05,487
"51059451800",4.16761044652103e-05,4.69664049946432e-05,479
"51059451900",2.11329714501925e-05,2.39834596002064e-05,406
"51059452000",4.68889133272363e-05,5.36623048435844e-05,402
"51059452101",2.66996743647226e-05,3.07327484803008e-05,346
"51059452102",4.28707224135028e-05,4.93963774499657e-05,328
"51059452200",1.96862916500482e-05,2.28460405363556e-05,322
"51059452301",3.71866244553448e-05,4.31031563232069e-05,306
"51059452302",2.54292986490817e-05,2.99151392255149e-05,267
"51059452400",1.62935461942664e-05,1.90920924308538e-05,261
"51059452501",3.07733435122204e-05,3.56259290173421e-05,331
"51059452502",2.52984808587668e-05,2.88525368908378e-05,387
"51059452600",1.9011114209756e-05,2.20409383029036e-05,314
"51059452700",2.95099703205279e-05,3.29022744281786e-05,504
"51059452801",3.78241019471117e-05,4.14768249120755e-05,518
"51059452802",6.87002432073346e-05,7.53451134679284e-05,511
"51059460100",1.57890376339776e-05,2.35352163851002e-05,156
"51059460200",1.91936307184488e-05,2.78883585485775e-05,179
"51059460300",3.09434757334031e-05,4.20459685106273e-05,178
"51059460400",2.0211391465286e-05,2.61492634730669e-05,202
"51059460501",4.67819066844014e-05,5.64680989863761e-05,233
"51059460502",1.89765811362884e-05,2.25900308279885e-05,277
"51059460600",3.05801905389369e-05,3.70574537092394e-05,312
"51059460701",3.18232036816387e-05,3.88965368582169e-05,286
"51059460702",2.63884863982794e-05,3.26575936030094e-05,249
"51059460800",3.89177523814487e-05,4.74632742360215e-05,260
"51059460900",4.51642040787688e-05,5.70385318064011e-05,230
"51059461000",4.37571316305473e-05,5.60719079263231e-05,228
"51059461100",1.28316899798402e-05,1.71850003386986e-05,198
"51059461201",1.80271824602402e-05,2.64591986881448e-05,152
"51059461202",1.69437291373911e-05,2.60378817748218e-05,123
"51059461500",1.59854615255578e-05,2.06937178142493e-05,207
"51059461601",1.71835234696956e-05,2.12610207523417e-05,285
"51059461602",3.18023510264007e-05,3.78364701269677e-05,327
"51059461700",1.63209850087343e-05,2.01209525933327e-05,290
"51059461801",7.45925933463119e-05,9.80457210605381e-05,187
"51059461802",1.90267851773865e-05,2.60194517116519e-05,146
"51059461901",2.99931210358754e-05,3.79042460129188e-05,212
"51059461902",5.79826350864771e-05,7.84218959708866e-05,142
"51059470100",2.61922002059719e-05,3.64866403979309e-05,143
"51059470300",2.80068671928553e-05,3.48870501543953e-05,274
"51059470400",1.84512180833532e-05,2.35846774904693e-05,256
"51059470500",1.77363568298188e-05,2.24888850455757e-05,176
"51059470600",3.86617242287252e-05,4.7933511824192e-05,227
"51059470700",1.99807937698528e-05,2.43916199454923e-05,291
"51059470800",3.68671527571192e-05,4.48266434441756e-05,269
"51059470900",1.67589710303003e-05,1.95209542316199e-05,354
"51059471000",6.77212265758144e-05,7.78816865672703e-05,359
"51059471100",1.90075651160871e-05,2.25806980541239e-05,259
"51059471201",4.35191412202082e-05,5.10340091028107e-05,243
"51059471202",2.4878005210726e-05,3.03396143213104e-05,244
"51059471301",3.39064614281292e-05,3.9707749521297e-05,274
"51059471303",3.36363845109716e-05,3.95704099413481e-05,303
"51059471304",7.31074210458283e-05,8.55666686585509e-05,338
"51059471401",3.98462935284335e-05,4.54369006994893e-05,374
"51059471402",3.741854576051e-05,4.38345734636132e-05,353
"51059480100",7.93795595649377e-06,1.76976334395904e-05,33
"51059480201",1.85763323373321e-05,2.48864409292223e-05,163
"51059480202",3.96552722680561e-05,4.92464289909271e-05,198
"51059480203",5.61048865977063e-05,7.02004952298334e-05,209
"51059480300",8.70457111491582e-06,1.34738293742549e-05,139
"51059480401",1.15882575639827e-05,1.95561385686413e-05,99
"51059480402",7.46668300299928e-06,1.35103999020879e-05,126
"51059480501",1.65212829715532e-05,2.65652853147953e-05,182
"51059480502",1.09376427964185e-05,1.71617214955696e-05,183
"51059480503",2.00829056528475e-05,3.02091416324708e-05,189
"51059480504",3.45156370008614e-05,5.13811544292921e-05,175
"51059480505",2.45454397633655e-05,3.56470192661946e-05,172
"51059480801",1.43883358084437e-05,2.09010234098153e-05,190
"51059480802",2.14904471613409e-05,3.04969758006032e-05,189
"51059480901",1.19218139949872e-05,1.67982098048279e-05,187
"51059480902",2.35138465418916e-05,3.26405235806587e-05,166
"51059480903",1.87754359067629e-05,2.64435338984979e-05,173
"51059481000",1.25018591537945e-05,1.80229279288716e-05,193
"51059481101",4.26662704188196e-05,5.97922958715851e-05,175
"51059481102",2.59848582854148e-05,3.69303301614722e-05,174
"51059481103",2.27373131076189e-05,3.30023263072318e-05,166
"51059481104",2.68663211292094e-05,4.03061106820955e-05,155
"51059481105",1.19075685778429e-05,1.82966758082305e-05,140
"51059481106",1.23547022280703e-05,1.95186440121954e-05,127
"51059481201",6.01458902709504e-05,8.86072546099202e-05,166
"51059481202",1.14496187753588e-05,1.72018104642494e-05,135
"51059481400",1.22598830523976e-05,1.81951834656346e-05,136
"51059481500",2.93000378522507e-05,4.56195146187508e-05,178
"51059481600",2.0039637994729e-05,3.12191723008473e-05,163
"51059481701",9.81004204156104e-06,1.65398601378284e-05,158
"51059481702",1.47914041250447e-05,2.48487721182548e-05,159
"51059481900",1.16690646200978e-05,1.81858473465962e-05,119
"51059482001",1.2992926743737e-05,2.03791294027282e-05,149
"51059482002",2.05299193204951e-05,3.04020624520428e-05,159
"51059482100",2.52216739158351e-05,3.62578344204875e-05,139
"51059482201",3.69288444746216e-05,5.31921083447557e-05,147
"51059482202",2.28086496746046e-05,3.27110243489842e-05,149
"51059482203",2.2070715342888e-05,3.08685712176819e-05,163
"51059482301",1.62248008000021e-05,2.39588710933516e-05,125
"51059482302",1.64624588728012e-05,2.43420436549794e-05,126
"51059482303",2.28610674486758e-05,3.35484795835906e-05,143
"51059482400",3.03512854390359e-05,4.5039348716961e-05,162
"51059482501",8.3959134945517e-06,1.28271049624939e-05,160
"51059482502",1.9975811061592e-05,3.25881553022849e-05,118
"51059482503",1.25289578439721e-05,2.01092776815487e-05,135
"51059482504",1.11710670294132e-05,1.85331616631247e-05,123
"51059482601",8.30661981893596e-06,1.40485561811041e-05,117
"51059482602",7.71980189085287e-06,1.39934430261105e-05,158
"51059490101",9.25862810132843e-06,1.77481864606304e-05,82
"51059490103",8.09406417969023e-06,1.53551355291767e-05,84
"51059490501",2.05526789304639e-05,3.58986378843238e-05,98
"51059490502",7.60663882937493e-06,1.51065424279175e-05,120
"51059491000",1.24660636997648e-05,3.39348297260238e-05,68
"51059491101",8.09833572978105e-06,1.88517663444928e-05,76
"51059491102",1.08862936695143e-05,2.28094759100061e-05,79
"51059491103",6.52259110719701e-06,1.32999846412585e-05,76
"51059491201",7.95410811054408e-06,1.53493286389672e-05,80
"51059491202",4.42747601640232e-05,7.47098406055309e-05,83
"51059491301",5.19721639224934e-06,1.21311567316083e-05,65
"51059491302",1.45921436707129e-05,2.84803319326278e-05,84
"51059491303",1.62036421823585e-05,2.82862515058945e-05,82
"51059491401",1.21391292988874e-05,2.22671528452002e-05,80
"51059491402",1.07763545243729e-05,2.26644548412453e-05,77
"51059491403",1.09473396687447e-05,2.49364547286859e-05,63
"51059491404",8.27004099114308e-06,2.05136666179514e-05,59
"51059491405",1.15673716437277e-05,2.96075382978148e-05,57
"51059491501",7.91064283272755e-06,1.49678486471834e-05,97
"51059491502",6.60893067499133e-06,1.3402974087334e-05,98
"51059491601",1.18415579479849e-05,2.03296071828249e-05,97
"51059491602",1.04307668762692e-05,1.8927655661806e-05,105
"51059491701",1.4754539251035e-05,2.73900894363373e-05,141
"51059491702",7.73935915652466e-06,1.41524788732166e-05,150
"51059491703",1.40486866547593e-05,2.35441563120226e-05,135
"51059491704",1.10838758814779e-05,2.01769221823757e-05,144
"51059491705",1.41219185230067e-05,2.88853381962082e-05,118
"51059491801",1.97838362648401e-05,4.09729017625722e-05,111
"51059491802",1.70310457958139e-05,3.36553822919103e-05,132
"51059491803",7.51691913237534e-06,1.41734270644488e-05,120
"51059492000",7.50467609904087e-06,1.47597490011267e-05,107
"51059492100",7.1457320280427e-06,1.39978457590623e-05,55
"51059492201",1.58363335426265e-05,3.05672078820467e-05,94
"51059492202",7.62172007369956e-06,1.36630009131176e-05,117
"51059492203",1.30418883500804e-05,2.28013311094019e-05,128
"51059492300",1.79946786308518e-05,2.91077856239278e-05,136
"51059492400",1.21971748670909e-05,2.06688486181043e-05,137
"51059492500",7.61390341161118e-06,2.05270486932603e-05,57
"51059980100",0.00829009818700142,0.0111555391891745,124
"51059980200",Inf,Inf,126
"51059980300",0.017088777340936,0.0238710592889343,144
"51061930100",6.2701513831534e-07,1.99659357499344e-06,11
"51061930203",4.58000964800233e-07,1.53373214065682e-06,1
"51061930204",1.18116601333469e-06,2.34149597094642e-06,3
"51061930205",2.58081663335192e-06,5.07891681662309e-06,9
"51061930206",3.94357016121218e-06,5.46400277741713e-06,12
"51061930207",5.3863403330641e-06,7.21666638356175e-06,27
"51061930302",5.96855442481865e-06,6.46147825665541e-06,28
"51061930303",4.48457253706662e-06,5.59169566345544e-06,32
"51061930304",5.25127145866734e-06,8.22822943869431e-06,21
"51061930401",2.86425031613352e-06,4.58777236310701e-06,21
"51061930402",2.12930187782493e-06,3.05927181805075e-06,40
"51061930403",1.59182606000248e-06,2.1911494923863e-06,33
"51061930703",5.37085560704204e-07,1.46945389000425e-06,1
"51061930704",5.4611646074275e-07,2.79090840006946e-06,3
"51061930705",1.90927069536412e-06,2.90090878008438e-06,20
"51061930706",8.94802488252515e-07,1.53715459392855e-06,13
"51061930707",2.87325205197385e-06,4.29941590720573e-06,20
"51063920200",0,0,0
"51071930100",0,0,0
"51073100100",0,0,0
"51073100400",0,0,0
"51073100500",0,0,0
"51083930100",0,0,0
"51083930302",0,0,0
"51087200104",0,0,0
"51087200105",0,0,0
"51087200106",0,0,0
"51087200107",0,0,0
"51087200201",0,0,0
"51087200202",0,0,0
"51087200301",0,0,0
"51087200302",0,0,0
"51087200303",0,0,0
"51087200404",0,0,0
"51087200406",0,0,0
"51087200407",0,0,0
"51087200600",0,0,0
"51087200801",0,0,0
"51087200802",0,0,0
"51087201202",0,0,0
"51087980100",0,0,0
"51107610101",1.0461443708047e-06,2.09427621186197e-06,7
"51107610102",1.04833198275939e-06,2.70139541515843e-06,7
"51107610201",2.2911422690536e-06,3.62999801102387e-06,29
"51107610202",1.87553249305061e-06,3.35944057937191e-06,24
"51107610300",1.50642158597143e-06,2.94170505291853e-06,11
"51107610400",7.14484710274522e-06,9.84601793948185e-06,57
"51107610503",4.72694568047359e-06,6.35327053106587e-06,58
"51107610504",5.61030502657024e-06,7.28691834475383e-06,56
"51107610505",1.44586473954849e-05,1.64868180841597e-05,61
"51107610506",9.4723347042735e-06,1.22830543341438e-05,75
"51107610507",4.87325958002032e-06,7.20459007377199e-06,77
"51107610601",3.49128148867133e-06,5.39522808061043e-06,58
"51107610602",1.20245152432599e-05,1.79862321479876e-05,60
"51107610603",1.75100540927661e-05,2.20244667440177e-05,61
"51107610604",5.3251526274923e-06,7.25875380981635e-06,73
"51107610701",3.09637106126728e-06,4.76598563788615e-06,29
"51107610702",7.95447593790877e-06,9.3459868390265e-06,32
"51107610703",3.1087807543358e-06,5.50873829557291e-06,43
"51107610800",7.59542520440911e-07,2.18262877739777e-06,6
"51107610900",1.98951073775654e-06,1.10474155913394e-05,11
"51107611002",1.02436435130333e-05,1.50501240882588e-05,131
"51107611004",6.32642865589275e-06,8.892878754388e-06,95
"51107611005",9.49333550189403e-06,1.29062107607492e-05,100
"51107611006",1.13675567970645e-05,1.51764538964906e-05,129
"51107611009",5.89825346737521e-06,8.9083262954451e-06,89
"51107611010",2.06374659110962e-05,3.09320821953768e-05,92
"51107611011",1.17821839611659e-05,1.64796605359722e-05,99
"51107611012",9.56354277322279e-06,1.34923559362226e-05,109
"51107611013",1.17110986146721e-05,1.62808470808932e-05,106
"51107611014",1.18609024262684e-05,1.6210638791492e-05,106
"51107611015",2.13348201265956e-05,3.01754227914534e-05,112
"51107611016",2.16651308201229e-05,3.00255787422463e-05,118
"51107611017",1.77486226927198e-05,2.39174469759428e-05,124
"51107611018",2.46275106962702e-05,3.31525562236526e-05,135
"51107611019",9.0761916256983e-06,1.23511036195991e-05,109
"51107611020",1.3192849675663e-05,1.72060050908613e-05,115
"51107611021",9.04090996717954e-06,1.31219938763817e-05,102
"51107611022",7.17789859275258e-06,1.02983088979968e-05,79
"51107611023",7.17654466569407e-06,1.0328326301789e-05,77
"51107611024",4.57623066253526e-06,8.7295224278086e-06,32
"51107611025",7.54754118125257e-06,1.17006572846328e-05,53
"51107611101",1.05758942399249e-05,1.56605016936319e-05,137
"51107611102",7.90035850615066e-06,1.1753602104811e-05,126
"51107611202",9.17873650934111e-06,1.54519316964404e-05,98
"51107611204",9.11098760880926e-06,1.51022405788456e-05,119
"51107611205",1.00253410233688e-05,1.56370015872102e-05,144
"51107611206",1.07360585194122e-05,1.71011415919639e-05,115
"51107611207",1.43278681285076e-05,2.16359718743199e-05,142
"51107611208",8.76626477774692e-06,1.63633041425917e-05,81
"51107611209",7.3795697678499e-06,1.26384382996573e-05,99
"51107611300",1.21868871837577e-05,1.80118617648668e-05,168
"51107611400",1.28780024525024e-05,1.93522274442329e-05,180
"51107611501",2.18598610654237e-05,2.99218782261963e-05,160
"51107611502",1.19111702025684e-05,1.77337134494973e-05,185
"51107611601",1.88609750851416e-05,2.61683907393171e-05,190
"51107611602",1.81469180526235e-05,2.68218120276245e-05,193
"51107611700",1.07762448204668e-05,1.62642844038302e-05,191
"51107611801",4.28815321272715e-06,8.75570014507113e-06,16
"51107611802",3.12123832136616e-06,6.34548112603064e-06,27
"51107611803",4.82751127780204e-06,9.99226508594605e-06,45
"51107611804",6.47908754744503e-06,1.24159072521286e-05,52
"51107611805",6.16114943793903e-06,1.24275050106441e-05,57
"51107611806",3.14908949191532e-06,7.11364612356866e-06,15
"51107611900",5.62275685982207e-06,8.66261735611235e-06,77
"51107980100",0.0304923905012358,0.0459590780054907,182
"51111930100",0,0,0
"51113930100",0,0,0
"51131930100",0,0,0
"51135980100",0,0,0
"51145500200",0,0,0
"51145500300",0,0,0
"51147930100",0,0,0
"51147930203",0,0,0
"51153900100",1.61495730485526e-05,2.71057034033757e-05,119
"51153900201",7.37234058558593e-05,9.13153302723457e-05,142
"51153900202",1.67774547275481e-05,2.62676200017858e-05,149
"51153900203",1.48282836140765e-05,2.28559641989367e-05,146
"51153900300",8.84197608829756e-06,1.3659279353236e-05,150
"51153900403",1.17445735056441e-05,1.78606363864717e-05,165
"51153900404",1.01859251885134e-05,1.57965316889478e-05,167
"51153900407",8.57268166502928e-06,1.3154515270809e-05,152
"51153900408",1.07826904841963e-05,1.66594283246079e-05,146
"51153900409",1.16002539468901e-05,1.73197769882207e-05,172
"51153900410",9.5447131696697e-06,1.45988145197912e-05,167
"51153900501",8.49387547543804e-06,1.31375626538218e-05,155
"51153900502",2.69852378995237e-05,4.11039535309032e-05,158
"51153900600",7.64912039563806e-06,1.21528188241947e-05,140
"51153900701",9.70560968918785e-06,1.52630116843886e-05,156
"51153900702",5.52899983505423e-06,9.34022612781977e-06,134
"51153900801",6.33209716238569e-06,1.00690063422818e-05,129
"51153900802",5.39986358238354e-06,7.64798229362172e-06,116
"51153900901",6.71290516528762e-06,8.33368824034992e-06,53
"51153900904",6.21718973963234e-06,8.54464344424695e-06,72
"51153900905",5.01887745661429e-06,6.30578470637216e-06,46
"51153901001",5.4758251707203e-06,7.403686494978e-06,68
"51153901005",5.76052240752217e-06,1.00258355296847e-05,79
"51153901008",7.39573156991191e-06,9.87064293055672e-06,118
"51153901009",5.26659434497431e-06,8.2780010869807e-06,135
"51153901010",8.93511648913777e-06,1.29925761394679e-05,127
"51153901011",7.47538253210436e-06,1.12033091958403e-05,142
"51153901012",1.58173435272745e-05,2.07455723864912e-05,121
"51153901100",3.47196397808216e-06,5.18735866112356e-06,40
"51153901203",1.43819465955974e-05,2.2961576791159e-05,154
"51153901208",1.62199775016418e-05,2.76957958180494e-05,148
"51153901209",9.40522779558922e-06,1.53420359149251e-05,157
"51153901211",1.23901297617436e-05,2.01705009524882e-05,145
"51153901212",6.52594179673455e-06,1.12762170511716e-05,103
"51153901219",5.08870932026354e-06,1.21177257149461e-05,45
"51153901221",9.42929652908538e-06,1.74207232609194e-05,143
"51153901222",1.70629143237666e-05,3.29162448940663e-05,150
"51153901223",7.77399586761856e-06,1.41646354664752e-05,154
"51153901224",1.27014185432454e-05,2.16464105639793e-05,155
"51153901225",1.21895166835367e-05,2.03531844189695e-05,147
"51153901226",1.37270483066979e-05,1.94324532386239e-05,90
"51153901227",8.08676460553676e-06,1.38291578785144e-05,102
"51153901228",5.92846236702213e-06,1.00996331746394e-05,108
"51153901229",7.81537935949015e-06,1.45892380364722e-05,93
"51153901230",6.51858920005e-06,1.323153263446e-05,64
"51153901231",3.44682067734618e-06,1.12556530004388e-05,12
"51153901232",3.06458133419573e-06,1.19316180343207e-05,12
"51153901233",2.582867474527e-06,6.5850018979031e-06,21
"51153901234",7.85486051564265e-06,1.57303964360362e-05,47
"51153901235",1.27622402966163e-05,2.6370090158838e-05,109
"51153901236",1.14272562999719e-05,2.11919469775362e-05,131
"51153901237",1.63869047266634e-05,2.9412122643312e-05,139
"51153901303",2.44837062080866e-06,9.88936669220265e-06,15
"51153901304",4.45357605271105e-06,1.69288518413901e-05,11
"51153901305",1.87682772059957e-06,9.2167407639026e-06,7
"51153901306",2.40315312206663e-06,7.11392167628732e-06,6
"51153901403",2.13841208307358e-06,7.94311706298668e-06,17
"51153901407",3.83967515315527e-06,1.37616607476193e-05,32
"51153901408",1.96629541597778e-06,6.91749324076821e-06,28
"51153901409",2.09335271647788e-06,6.78040572022358e-06,26
"51153901410",1.86406722810743e-06,5.44160011816854e-06,35
"51153901411",3.78861474634836e-06,7.3308074752969e-06,46
"51153901412",2.60312725900034e-06,6.40768050525621e-06,45
"51153901413",3.2548752258354e-06,9.12738969404528e-06,45
"51153901414",2.36014847697061e-06,7.21282615417824e-06,38
"51153901415",3.88208711261387e-06,1.03558641595948e-05,33
"51153901416",3.24243498907759e-06,8.79001507595995e-06,11
"51153901417",4.25754411369115e-06,1.25761625481517e-05,39
"51153901503",2.33418588769104e-06,6.49878620353235e-06,30
"51153901504",5.57201321006566e-06,1.2231096119258e-05,38
"51153901505",2.10038883031698e-06,5.51887305646225e-06,39
"51153901506",3.71520131178508e-06,7.96480388944472e-06,41
"51153901507",8.11848022535685e-06,1.65822238843806e-05,43
"51153901508",5.75451349284589e-06,1.03061447874191e-05,46
"51153901509",1.53738348239265e-06,5.8852169961472e-06,8
"51153901510",2.48659485249712e-06,6.72559447401303e-06,40
"51153901511",6.04377997160418e-06,1.76527252016626e-05,39
"51153901601",4.64461664891785e-06,1.61048840415426e-05,37
"51153901602",2.15839608109528e-06,7.51106648065194e-06,37
"51153901701",1.87974298936793e-06,6.95700906981916e-06,21
"51153901702",5.56329427620574e-06,1.71819695840849e-05,51
"51153901900",4.47099231943172e-06,1.32012163202824e-05,51
"51153980100",Inf,Inf,1
"51155980100",0,0,0
"51155980200",0,0,0
"51163930100",0,0,0
"51175200500",0,0,0
"51510200102",3.59397235737708e-05,4.00790427347921e-05,533
"51510200103",1.98468723217286e-05,2.24297196254251e-05,463
"51510200104",3.75131533486338e-05,4.23257643998223e-05,520
"51510200105",4.58056933933419e-05,5.09610173547703e-05,495
"51510200106",5.37207575095721e-05,5.98567530350008e-05,502
"51510200107",3.15999922455092e-05,3.48939807649729e-05,477
"51510200201",4.33570257967316e-05,4.90671092592437e-05,441
"51510200202",8.55989914038655e-05,9.89565907999428e-05,364
"51510200301",4.90625827836624e-05,5.53277115069283e-05,485
"51510200302",3.44736702823558e-05,3.89948005022971e-05,453
"51510200303",3.27947825364129e-05,3.68372628914393e-05,434
"51510200403",0.00011366578196378,0.000129167387899175,344
"51510200404",4.26780013548042e-05,4.86271807323328e-05,383
"51510200405",2.50716701161755e-05,2.7882419974309e-05,395
"51510200406",3.72286150267894e-05,4.14431635983169e-05,393
"51510200407",3.55882614551278e-05,4.01878313673184e-05,366
"51510200500",3.4454791100251e-05,3.9234859775168e-05,414
"51510200600",3.20084675173906e-05,3.67130255079635e-05,370
"51510200701",0.000184554401348397,0.00021937855899246,293
"51510200702",3.0878314834962e-05,3.622787957079e-05,266
"51510200703",4.84760337269664e-05,5.5708936182357e-05,243
"51510200801",4.97429469677382e-05,5.81624985989908e-05,330
"51510200802",4.57605844095807e-05,5.34554005969888e-05,300
"51510200900",2.94032064079477e-05,3.37602772260303e-05,381
"51510201000",5.43387220722205e-05,6.1583324913697e-05,419
"51510201100",4.98819053227875e-05,5.67703646023658e-05,405
"51510201202",4.37182906661382e-05,5.02665632315276e-05,372
"51510201203",2.26214646660605e-05,2.54988646582606e-05,389
"51510201204",4.41270656281654e-05,5.12850439536383e-05,367
"51510201300",4.26341178945307e-05,4.93443197883028e-05,337
"51510201400",3.21697159191936e-05,3.69530198983847e-05,333
"51510201500",3.56101884770549e-05,4.12999785632345e-05,290
"51510201600",2.96002757589452e-05,3.3871798331128e-05,267
"51510201801",2.33601742304182e-05,2.71345574634243e-05,267
"51510201802",7.16582615916628e-05,8.18684534179421e-05,245
"51510201900",0.000102581813952698,0.000114622543944538,259
"51510202001",6.18802861703972e-05,7.14116150575601e-05,229
"51510202002",4.36642381901988e-05,5.28215708542701e-05,194
"51590980100",0,0,0
"51600300100",2.0975697004764e-05,2.83470655340692e-05,132
"51600300200",2.9476272286789e-05,3.6398691169409e-05,153
"51600300300",1.95360028581832e-05,2.50912453681329e-05,194
"51600300400",2.48750266744893e-05,3.52295316843216e-05,122
"51600300500",2.73987573587246e-05,3.74406331911303e-05,162
"51610500100",5.52510871420345e-05,6.21991698652614e-05,405
"51610500200",3.04561873037035e-05,3.41945213480569e-05,402
"51610500300",4.05366350573155e-05,4.54285526221388e-05,464
"51670980100",0,0,0
"51683910100",3.27138526869436e-06,1.25029427763666e-05,16
"51683910201",3.94985565274735e-06,1.30882764505643e-05,21
"51683910202",2.40823085108721e-06,8.02515407420327e-06,29
"51683910301",3.7730653339489e-06,1.3362294307704e-05,12
"51683910302",2.36709216679604e-06,9.44558545129227e-06,13
"51683910401",1.95691587583498e-06,8.18547501790814e-06,13
"51683910402",2.31137399933235e-06,9.44259812139703e-06,14
"51685920100",3.43267236000569e-06,1.05125675483539e-05,48
"51685920200",3.30276364608889e-06,9.09839754388939e-06,32
"51710980100",0,0,0
"51710980200",0,0,0
"51710980300",0,0,0
"51740980100",0,0,0
